<?xml version="1.0" encoding="utf-8" ?>
<dwsync>
<file name="1.woff" server="C:/xampp/htdocs/CL/" local="130676138600000000" remote="130676138600000000" Dst="0" />
<file name="2.woff" server="C:/xampp/htdocs/CL/" local="130676138620000000" remote="130676138620000000" Dst="0" />
<file name="3.woff" server="C:/xampp/htdocs/CL/" local="130676138640000000" remote="130676138640000000" Dst="0" />
<file name="4.woff" server="C:/xampp/htdocs/CL/" local="130676138660000000" remote="130676138660000000" Dst="0" />
<file name="5.woff" server="C:/xampp/htdocs/CL/" local="130676138680000000" remote="130676138680000000" Dst="0" />
<file name="6.woff" server="C:/xampp/htdocs/CL/" local="130620571260000000" remote="130620571260000000" Dst="0" />
<file name="7.woff" server="C:/xampp/htdocs/CL/" local="130620966840000000" remote="130620966840000000" Dst="0" />
<file name="8.woff" server="C:/xampp/htdocs/CL/" local="130620769280000000" remote="130620769280000000" Dst="0" />
<file name="9.woff" server="C:/xampp/htdocs/CL/" local="130629502140000000" remote="130629502140000000" Dst="0" />
<file name="10.woff" server="C:/xampp/htdocs/CL/" local="130620982840000000" remote="130620982840000000" Dst="0" />
<file name="11.woff" server="C:/xampp/htdocs/CL/" local="130707869900000000" remote="130707869900000000" Dst="0" />
<file name="12.woff" server="C:/xampp/htdocs/CL/" local="130707870240000000" remote="130707870240000000" Dst="0" />
<file name="13.otf" server="C:/xampp/htdocs/CL/" local="127547371200000000" remote="127547371200000000" Dst="0" />
<file name="14.ttf" server="C:/xampp/htdocs/CL/" local="127427430400000000" remote="127427430400000000" Dst="0" />
<file name="15.woff" server="C:/xampp/htdocs/CL/" local="130707110360000000" remote="130707110360000000" Dst="0" />
<file name="16.otf" server="C:/xampp/htdocs/CL/" local="130179036080000000" remote="130179036080000000" Dst="0" />
<file name="17.otf" server="C:/xampp/htdocs/CL/" local="129555640300000000" remote="129555640300000000" Dst="0" />
<file name="18.ttf" server="C:/xampp/htdocs/CL/" local="129447138782343750" remote="129447138780000000" Dst="0" />
<file name="19.otf" server="C:/xampp/htdocs/CL/" local="129742135240000000" remote="129742135240000000" Dst="0" />
<file name="20.otf" server="C:/xampp/htdocs/CL/" local="129742244260000000" remote="129742244260000000" Dst="0" />
<file name="AdobeFnt13.lst" server="C:/xampp/htdocs/CL/" local="130816113084449007" remote="130816113080000000" Dst="0" />
<file name="1.woff" server="C:/xampp/htdocs/ptdeendayal/" local="130676138600000000" remote="130676138600000000" Dst="0" />
<file name="10.woff" server="C:/xampp/htdocs/ptdeendayal/" local="130620982840000000" remote="130620982840000000" Dst="0" />
<file name="11.woff" server="C:/xampp/htdocs/ptdeendayal/" local="130707869900000000" remote="130707869900000000" Dst="0" />
<file name="12.woff" server="C:/xampp/htdocs/ptdeendayal/" local="130707870240000000" remote="130707870240000000" Dst="0" />
<file name="13.otf" server="C:/xampp/htdocs/ptdeendayal/" local="127547371200000000" remote="127547371200000000" Dst="0" />
<file name="14.ttf" server="C:/xampp/htdocs/ptdeendayal/" local="127427430400000000" remote="127427430400000000" Dst="0" />
<file name="15.woff" server="C:/xampp/htdocs/ptdeendayal/" local="130707110360000000" remote="130707110360000000" Dst="0" />
<file name="16.otf" server="C:/xampp/htdocs/ptdeendayal/" local="130179036080000000" remote="130179036080000000" Dst="0" />
<file name="17.otf" server="C:/xampp/htdocs/ptdeendayal/" local="129555640300000000" remote="129555640300000000" Dst="0" />
<file name="18.ttf" server="C:/xampp/htdocs/ptdeendayal/" local="129447138800000000" remote="129447138800000000" Dst="0" />
<file name="19.otf" server="C:/xampp/htdocs/ptdeendayal/" local="129742135240000000" remote="129742135240000000" Dst="0" />
<file name="2.woff" server="C:/xampp/htdocs/ptdeendayal/" local="130676138620000000" remote="130676138620000000" Dst="0" />
<file name="20.otf" server="C:/xampp/htdocs/ptdeendayal/" local="129742244260000000" remote="129742244260000000" Dst="0" />
<file name="3.woff" server="C:/xampp/htdocs/ptdeendayal/" local="130676138640000000" remote="130676138640000000" Dst="0" />
<file name="4.woff" server="C:/xampp/htdocs/ptdeendayal/" local="130676138660000000" remote="130676138660000000" Dst="0" />
<file name="5.woff" server="C:/xampp/htdocs/ptdeendayal/" local="130676138680000000" remote="130676138680000000" Dst="0" />
<file name="6.woff" server="C:/xampp/htdocs/ptdeendayal/" local="130620571260000000" remote="130620571260000000" Dst="0" />
<file name="7.woff" server="C:/xampp/htdocs/ptdeendayal/" local="130620966840000000" remote="130620966840000000" Dst="0" />
<file name="8.woff" server="C:/xampp/htdocs/ptdeendayal/" local="130620769280000000" remote="130620769280000000" Dst="0" />
<file name="9.woff" server="C:/xampp/htdocs/ptdeendayal/" local="130629502140000000" remote="130629502140000000" Dst="0" />
<file name="AdobeFnt13.lst" server="C:/xampp/htdocs/ptdeendayal/" local="130816113100000000" remote="130816113100000000" Dst="0" />
<file name="1.woff" server="C:/xampp/htdocs/ptdeendayal" local="130676138600000000" remote="130676138600000000" Dst="0" />
<file name="2.woff" server="C:/xampp/htdocs/ptdeendayal" local="130676138620000000" remote="130676138620000000" Dst="0" />
<file name="3.woff" server="C:/xampp/htdocs/ptdeendayal" local="130676138640000000" remote="130676138640000000" Dst="0" />
<file name="4.woff" server="C:/xampp/htdocs/ptdeendayal" local="130676138660000000" remote="130676138660000000" Dst="0" />
<file name="5.woff" server="C:/xampp/htdocs/ptdeendayal" local="130676138680000000" remote="130676138680000000" Dst="0" />
<file name="6.woff" server="C:/xampp/htdocs/ptdeendayal" local="130620571260000000" remote="130620571260000000" Dst="0" />
<file name="7.woff" server="C:/xampp/htdocs/ptdeendayal" local="130620966840000000" remote="130620966840000000" Dst="0" />
<file name="8.woff" server="C:/xampp/htdocs/ptdeendayal" local="130620769280000000" remote="130620769280000000" Dst="0" />
<file name="9.woff" server="C:/xampp/htdocs/ptdeendayal" local="130629502140000000" remote="130629502140000000" Dst="0" />
<file name="10.woff" server="C:/xampp/htdocs/ptdeendayal" local="130620982840000000" remote="130620982840000000" Dst="0" />
<file name="11.woff" server="C:/xampp/htdocs/ptdeendayal" local="130707869900000000" remote="130707869900000000" Dst="0" />
<file name="12.woff" server="C:/xampp/htdocs/ptdeendayal" local="130707870240000000" remote="130707870240000000" Dst="0" />
<file name="15.woff" server="C:/xampp/htdocs/ptdeendayal" local="130707110360000000" remote="130707110360000000" Dst="0" />
<file name="1.woff" server="C:/xampp/htdocs/mgm/" local="130676138600000000" remote="130676138600000000" Dst="0" />
<file name="10.woff" server="C:/xampp/htdocs/mgm/" local="130620982840000000" remote="130620982840000000" Dst="0" />
<file name="11.woff" server="C:/xampp/htdocs/mgm/" local="130707869900000000" remote="130707869900000000" Dst="0" />
<file name="12.woff" server="C:/xampp/htdocs/mgm/" local="130707870240000000" remote="130707870240000000" Dst="0" />
<file name="13.otf" server="C:/xampp/htdocs/mgm/" local="127547371200000000" remote="127547371200000000" Dst="0" />
<file name="14.ttf" server="C:/xampp/htdocs/mgm/" local="127427430400000000" remote="127427430400000000" Dst="0" />
<file name="15.woff" server="C:/xampp/htdocs/mgm/" local="130707110360000000" remote="130707110360000000" Dst="0" />
<file name="16.otf" server="C:/xampp/htdocs/mgm/" local="130179036080000000" remote="130179036080000000" Dst="0" />
<file name="17.otf" server="C:/xampp/htdocs/mgm/" local="129555640300000000" remote="129555640300000000" Dst="0" />
<file name="18.ttf" server="C:/xampp/htdocs/mgm/" local="129447138800000000" remote="129447138800000000" Dst="0" />
<file name="19.otf" server="C:/xampp/htdocs/mgm/" local="129742135240000000" remote="129742135240000000" Dst="0" />
<file name="2.woff" server="C:/xampp/htdocs/mgm/" local="130676138620000000" remote="130676138620000000" Dst="0" />
<file name="20.otf" server="C:/xampp/htdocs/mgm/" local="129742244260000000" remote="129742244260000000" Dst="0" />
<file name="3.woff" server="C:/xampp/htdocs/mgm/" local="130676138640000000" remote="130676138640000000" Dst="0" />
<file name="4.woff" server="C:/xampp/htdocs/mgm/" local="130676138660000000" remote="130676138660000000" Dst="0" />
<file name="5.woff" server="C:/xampp/htdocs/mgm/" local="130676138680000000" remote="130676138680000000" Dst="0" />
<file name="6.woff" server="C:/xampp/htdocs/mgm/" local="130620571260000000" remote="130620571260000000" Dst="0" />
<file name="7.woff" server="C:/xampp/htdocs/mgm/" local="130620966840000000" remote="130620966840000000" Dst="0" />
<file name="8.woff" server="C:/xampp/htdocs/mgm/" local="130620769280000000" remote="130620769280000000" Dst="0" />
<file name="9.woff" server="C:/xampp/htdocs/mgm/" local="130629502140000000" remote="130629502140000000" Dst="0" />
<file name="AdobeFnt13.lst" server="C:/xampp/htdocs/mgm/" local="130816113100000000" remote="130816113100000000" Dst="0" />
<file name="1.woff" server="C:/xampp/htdocs/mgm" local="130676138600000000" remote="130676138600000000" Dst="2" />
<file name="2.woff" server="C:/xampp/htdocs/mgm" local="130676138620000000" remote="130676138620000000" Dst="2" />
<file name="3.woff" server="C:/xampp/htdocs/mgm" local="130676138640000000" remote="130676138640000000" Dst="2" />
<file name="4.woff" server="C:/xampp/htdocs/mgm" local="130676138660000000" remote="130676138660000000" Dst="2" />
<file name="5.woff" server="C:/xampp/htdocs/mgm" local="130676138680000000" remote="130676138680000000" Dst="2" />
<file name="6.woff" server="C:/xampp/htdocs/mgm" local="130620571260000000" remote="130620571260000000" Dst="2" />
<file name="7.woff" server="C:/xampp/htdocs/mgm" local="130620966840000000" remote="130620966840000000" Dst="2" />
<file name="8.woff" server="C:/xampp/htdocs/mgm" local="130620769280000000" remote="130620769280000000" Dst="2" />
<file name="9.woff" server="C:/xampp/htdocs/mgm" local="130629502140000000" remote="130629502140000000" Dst="2" />
<file name="10.woff" server="C:/xampp/htdocs/mgm" local="130620982840000000" remote="130620982840000000" Dst="2" />
<file name="11.woff" server="C:/xampp/htdocs/mgm" local="130707869900000000" remote="130707869900000000" Dst="2" />
<file name="12.woff" server="C:/xampp/htdocs/mgm" local="130707870240000000" remote="130707870240000000" Dst="2" />
<file name="15.woff" server="C:/xampp/htdocs/mgm" local="130707110360000000" remote="130707110360000000" Dst="2" />
<file name="1.woff" server="C:/xampp/htdocs/deendayal/" local="130676138600000000" remote="130676138600000000" Dst="0" />
<file name="2.woff" server="C:/xampp/htdocs/deendayal/" local="130676138620000000" remote="130676138620000000" Dst="0" />
<file name="3.woff" server="C:/xampp/htdocs/deendayal/" local="130676138640000000" remote="130676138640000000" Dst="0" />
<file name="4.woff" server="C:/xampp/htdocs/deendayal/" local="130676138660000000" remote="130676138660000000" Dst="0" />
<file name="5.woff" server="C:/xampp/htdocs/deendayal/" local="130676138680000000" remote="130676138680000000" Dst="0" />
<file name="6.woff" server="C:/xampp/htdocs/deendayal/" local="130620571260000000" remote="130620571260000000" Dst="0" />
<file name="7.woff" server="C:/xampp/htdocs/deendayal/" local="130620966840000000" remote="130620966840000000" Dst="0" />
<file name="8.woff" server="C:/xampp/htdocs/deendayal/" local="130620769280000000" remote="130620769280000000" Dst="0" />
<file name="9.woff" server="C:/xampp/htdocs/deendayal/" local="130629502140000000" remote="130629502140000000" Dst="0" />
<file name="10.woff" server="C:/xampp/htdocs/deendayal/" local="130620982840000000" remote="130620982840000000" Dst="0" />
<file name="11.woff" server="C:/xampp/htdocs/deendayal/" local="130707869900000000" remote="130707869900000000" Dst="0" />
<file name="12.woff" server="C:/xampp/htdocs/deendayal/" local="130707870240000000" remote="130707870240000000" Dst="0" />
<file name="15.woff" server="C:/xampp/htdocs/deendayal/" local="130707110360000000" remote="130707110360000000" Dst="0" />
<file name="21.ttf" server="C:/xampp/htdocs/deendayal/" local="128962669720000000" remote="128962669720000000" Dst="0" />
<file name="1.woff" server="C:/xampp/htdocs/ivey/" local="130676138600000000" remote="130676138600000000" Dst="0" />
<file name="2.woff" server="C:/xampp/htdocs/ivey/" local="130676138620000000" remote="130676138620000000" Dst="0" />
<file name="3.woff" server="C:/xampp/htdocs/ivey/" local="130676138640000000" remote="130676138640000000" Dst="0" />
<file name="4.woff" server="C:/xampp/htdocs/ivey/" local="130676138660000000" remote="130676138660000000" Dst="0" />
<file name="5.woff" server="C:/xampp/htdocs/ivey/" local="130676138680000000" remote="130676138680000000" Dst="0" />
<file name="6.woff" server="C:/xampp/htdocs/ivey/" local="130620571260000000" remote="130620571260000000" Dst="0" />
<file name="7.woff" server="C:/xampp/htdocs/ivey/" local="130620966840000000" remote="130620966840000000" Dst="0" />
<file name="8.woff" server="C:/xampp/htdocs/ivey/" local="130620769280000000" remote="130620769280000000" Dst="0" />
<file name="9.woff" server="C:/xampp/htdocs/ivey/" local="130629502140000000" remote="130629502140000000" Dst="0" />
<file name="10.woff" server="C:/xampp/htdocs/ivey/" local="130620982840000000" remote="130620982840000000" Dst="0" />
<file name="11.woff" server="C:/xampp/htdocs/ivey/" local="130707869900000000" remote="130707869900000000" Dst="0" />
<file name="12.woff" server="C:/xampp/htdocs/ivey/" local="130707870240000000" remote="130707870240000000" Dst="0" />
<file name="15.woff" server="C:/xampp/htdocs/ivey/" local="130707110360000000" remote="130707110360000000" Dst="0" />
<file name="21.ttf" server="C:/xampp/htdocs/ivey/" local="128962669720000000" remote="128962669720000000" Dst="0" />
<file name="1.woff" server="C:/xampp/htdocs/ivey" local="130676138600000000" remote="130676138600000000" Dst="1" />
<file name="2.woff" server="C:/xampp/htdocs/ivey" local="130676138620000000" remote="130676138620000000" Dst="1" />
<file name="3.woff" server="C:/xampp/htdocs/ivey" local="130676138640000000" remote="130676138640000000" Dst="1" />
<file name="4.woff" server="C:/xampp/htdocs/ivey" local="130676138660000000" remote="130676138660000000" Dst="1" />
<file name="5.woff" server="C:/xampp/htdocs/ivey" local="130676138680000000" remote="130676138680000000" Dst="1" />
<file name="6.woff" server="C:/xampp/htdocs/ivey" local="130620571260000000" remote="130620571260000000" Dst="1" />
<file name="7.woff" server="C:/xampp/htdocs/ivey" local="130620966840000000" remote="130620966840000000" Dst="1" />
<file name="8.woff" server="C:/xampp/htdocs/ivey" local="130620769280000000" remote="130620769280000000" Dst="1" />
<file name="9.woff" server="C:/xampp/htdocs/ivey" local="130629502140000000" remote="130629502140000000" Dst="1" />
<file name="10.woff" server="C:/xampp/htdocs/ivey" local="130620982840000000" remote="130620982840000000" Dst="1" />
<file name="11.woff" server="C:/xampp/htdocs/ivey" local="130707869900000000" remote="130707869900000000" Dst="1" />
<file name="12.woff" server="C:/xampp/htdocs/ivey" local="130707870240000000" remote="130707870240000000" Dst="1" />
<file name="15.woff" server="C:/xampp/htdocs/ivey" local="130707110360000000" remote="130707110360000000" Dst="1" />
<file name="21.ttf" server="C:/xampp/htdocs/ivey" local="128962669720000000" remote="128962669720000000" Dst="1" />
</dwsync>